name,country,year
"Ban, N",Japan,2006
"Ban, N",United States,2006
"Bao, Lei",United States,2008
"Bao, Lei",United States,2009
"Bao, Lei",China,2015
"Bao, Lei",United States,2015
"Bao, Lei",United States,2016
"Bao, Lei",United States,2017
"Bao, Lei",United States,2019
"Bao, Lei",United States,2020
"Bao, Lei",United States,2021
"Bao, Lei",United States,2022
"Bao, Lei",United States,2023
"Bao, Lei",United States,2024
"CHEN, J",Pr 00708 Usa,1993
"CHEN, J",United States,1993
"CHEN, M",Israel,1995
"CHEN, M",United States,1995
"Cao, Chen",United States,2009
"Cao, Chen",China,2023
"Cao, Jun",United States,2016
"Cao, Jun",China,2020
"Chai, Ching-Sing",Singapore,2009
"Chai, Ching-Sing",Singapore,2012
"Chai, Ching-Sing",China,2023
"Chang, D",Israel,1998
"Chang, D",United Kingdom,1998
"Chang, D",United States,1998
"Chang, Daniel",United States,2017
"Chang, Daniel",Canada,2021
"Chang, Jina",Australia,2022
"Chang, Jina",South Korea,2022
"Chang, Yu-Hui",China,2014
"Chang, Yu-Hui",United States,2017
"Chang, Yu-Hui",United States,2018
"Chang, Yu-Hui",United States,2020
"Che, ShaoPeng",South Korea,2022
"Che, ShaoPeng",China,2023
"Chen, Anna",Canada,2023
"Chen, Anna",United States,2024
"Chen, Bo",United States,2013
"Chen, Bo",China,2021
"Chen, Chen",United States,2019
"Chen, Chen",Netherlands,2020
"Chen, Chen",United States,2020
"Chen, Chen",Netherlands,2021
"Chen, Chen",United States,2021
"Chen, Chen",United States,2022
"Chen, Chen",China,2023
"Chen, Chen",United States,2024
"Chen, David",Israel,2010
"Chen, David",Australia,2019
"Chen, Fu",Canada,2020
"Chen, Fu",China,2024
"Chen, George",Australia,2018
"Chen, George",Australia,2021
"Chen, George",United States,2021
"Chen, Honglin",Australia,2012
"Chen, Honglin",Australia,2016
"Chen, Honglin",Australia,2017
"Chen, Honglin",Australia,2021
"Chen, Honglin",Australia,2024
"Chen, Honglin",China,2024
"Chen, Honglin",Finland,2024
"Chen, Hui",United States,2014
"Chen, Hui",Australia,2016
"Chen, Hui",Australia,2020
"Chen, Hui",Australia,2022
"Chen, Jie",China,2017
"Chen, Jie",China,2020
"Chen, Jie",United States,2021
"Chen, Jie",United States,2023
"Chen, Jie",United States,2024
"Chen, Jin",United States,2017
"Chen, Jin",China,2024
"Chen, Jing",United States,2006
"Chen, Jing",China,2022
"Chen, Jing",United States,2023
"Chen, Jing",China,2024
"Chen, Katherine",China,2017
"Chen, Katherine",United States,2020
"Chen, Li",United States,2009
"Chen, Li",China,2015
"Chen, Li",United States,2015
"Chen, Li",China,2017
"Chen, Li",United States,2017
"Chen, Li",China,2019
"Chen, Li",Germany,2023
"Chen, Li",Japan,2023
"Chen, Liang",United States,2022
"Chen, Liang",Canada,2023
"Chen, Lihua",Australia,2021
"Chen, Lihua",China,2023
"Chen, Lin",China,2023
"Chen, Lin",China,2024
"Chen, Lin",Malaysia,2024
"Chen, Lin",New Zealand,2024
"Chen, Mary XiaoRong",Singapore,2024
"Chen, Mary XiaoRong",United Kingdom,2024
"Chen, Ning",China,2021
"Chen, Ning",Finland,2021
"Chen, Ning",Finland,2024
"Chen, Qin",United States,2010
"Chen, Qin",Australia,2023
"Chen, Sarah",United States,2021
"Chen, Sarah",Ireland,2023
"Chen, Susan",Australia,2022
"Chen, Susan",United States,2024
"Chen, TY",Australia,2004
"Chen, TY",China,2004
"Chen, Teresa",United States,2018
"Chen, Teresa",United States,2019
"Chen, Teresa",Canada,2021
"Chen, Victoria",Canada,2014
"Chen, Victoria",Canada,2015
"Chen, Victoria",United States,2015
"Chen, Victoria",Canada,2017
"Chen, Victoria",United States,2019
"Chen, Wei",United Kingdom,2010
"Chen, Wei",United States,2017
"Chen, Wei",United States,2018
"Chen, Wei",United Arab Emirates,2020
"Chen, Wei",United Arab Emirates,2021
"Chen, Wei",United States,2024
"Chen, Xi",Canada,2012
"Chen, Xi",United States,2014
"Chen, Xi",United States,2018
"Chen, Xi",China,2023
"Chen, Yan",China,2010
"Chen, Yan",New Zealand,2015
"Chen, Yan",New Zealand,2017
"Chen, Yan",United States,2019
"Chen, Yan",New Zealand,2020
"Chen, Yan",New Zealand,2021
"Chen, Yan",New Zealand,2022
"Chen, Yan",United States,2022
"Chen, Yan",New Zealand,2023
"Chen, Yan",United States,2024
"Chen, Yi",United States,2014
"Chen, Yi",China,2022
"Chen, Yong",United States,2013
"Chen, Yong",United States,2014
"Chen, Yong",Switzerland,2019
"Chen, Yong",United States,2023
"Chen, Yu",China,2020
"Chen, Yu",United States,2020
"Chen, Yu",United States,2021
"Chen, Yu",United States,2022
"Chen, Yu",China,2023
"Chen, Yu",United States,2024
"Cheng, Jiaming",China,2023
"Cheng, Jiaming",United States,2023
"Cheng, Zui",United States,2018
"Cheng, Zui",United States,2019
"Cheng, Zui",United States,2020
"Cheng, Zui",China,2022
"Cheng, Zui",United States,2022
"Cheng, Zui",China,2023
"Chi, MTH",Israel,2000
"Chi, MTH",United States,2000
"Chi, Michelene T. H.",South Korea,2007
"Chi, Michelene T. H.",United States,2007
"Chi, Michelene T. H.",United States,2012
"Chi, Michelene T. H.",United States,2013
"Chi, Michelene T. H.",United States,2017
"Chi, Michelene T. H.",United States,2018
"Chi, Michelene T. H.",United States,2021
"Chong, Kyle L.",South Korea,2024
"Chong, Kyle L.",United States,2024
"Chu, Hye-Eun",Australia,2008
"Chu, Hye-Eun",United States,2011
"Chu, Hye-Eun",Australia,2020
"Chu, Yoosun",United States,2018
"Chu, Yoosun",South Korea,2021
"Cui, Dan",Canada,2011
"Cui, Dan",Canada,2017
"Cui, Dan",United States,2017
"Dai, David Wei",Australia,2023
"Dai, David Wei",Australia,2024
"Dai, David Wei",United Kingdom,2024
"Dai, David Yun",United States,2007
"Dai, David Yun",United States,2011
"Dai, David Yun",China,2013
"Dai, David Yun",United States,2013
"Dai, David Yun",China,2015
"Dai, David Yun",United States,2015
"Dai, David Yun",United States,2020
"Dai, Kun",Australia,2020
"Dai, Kun",China,2021
"Dai, Kun",China,2023
"Dai, Kun",China,2024
"Dai, Yun",United States,2015
"Dai, Yun",United States,2019
"Dai, Yun",China,2023
"Deng, Feng",Singapore,2010
"Deng, Feng",Singapore,2011
"Deng, Feng",Singapore,2013
"Deng, Feng",China,2017
"Ding, Yi",United States,2014
"Ding, Yi",United States,2017
"Ding, Yi",United States,2018
"Ding, Yi",United States,2019
"Ding, Yi",United States,2021
"Ding, Yi",United States,2023
"Ding, Yi",China,2024
"Ding, Yi",United States,2024
"Dong, Chaoyan",United States,2013
"Dong, Chaoyan",Singapore,2015
"Dong, Chaoyan",Singapore,2023
"Dong, Chaoyan",Singapore,2024
"Dong, Yanning",Canada,2015
"Dong, Yanning",China,2018
"Dong, Yanning",Canada,2021
"Er, Erkan",United States,2015
"Er, Erkan",United States,2018
"Er, Erkan",Spain,2021
"Er, Erkan",Turkey,2024
"Fan, Lianghuo",Singapore,2007
"Fan, Lianghuo",United Kingdom,2013
"Fan, Lianghuo",United Kingdom,2014
"Fan, Xitao",United States,2008
"Fan, Xitao",United States,2009
"Fan, Xitao",United States,2011
"Fan, Xitao",China,2013
"Fan, Xitao",China,2015
"Fan, Xitao",China,2016
"Fan, Xitao",China,2017
"Fan, Xitao",China,2018
"Fan, Xitao",China,2019
"Fan, Xitao",China,2022
"Fan, Yizhou",United Kingdom,2022
"Fan, Yizhou",Australia,2024
"Fan, Yizhou",China,2024
"Feng, Lei",Sweden,2021
"Feng, Lei",Thailand,2024
"Fu, Jun",United States,2021
"Fu, Jun",United States,2023
"Fu, Jun",Australia,2024
"Fu, Xiaoxiao",United States,2014
"Fu, Xiaoxiao",Malaysia,2022
"Gan, Samuel Ken-En",Singapore,2016
"Gan, Samuel Ken-En",China,2022
"Gan, Samuel Ken-En",Singapore,2022
"Gao, Catherine Yuan",Australia,2020
"Gao, Catherine Yuan",China,2024
"Gao, Ping",Singapore,2009
"Gao, Ping",Singapore,2010
"Gao, Ping",Singapore,2011
"Gao, Ping",United States,2012
"Gao, Xingyuan",United States,2019
"Gao, Xingyuan",China,2020
"Gao, Xingyuan",China,2024
"Gao, Xuesong (Andy)",Australia,2019
"Gao, Xuesong (Andy)",China,2019
"Gao, Xuesong (Andy)",Australia,2020
"Gao, Xuesong (Andy)",Australia,2021
"Gao, Xuesong (Andy)",Australia,2022
"Gao, Xuesong (Andy)",Australia,2023
"Gao, Xuesong (Andy)",Australia,2024
"Gao, Yang",United States,2019
"Gao, Yang",Canada,2022
"Gao, Yuan",Australia,2015
"Gao, Yuan",Australia,2018
"Gao, Yuan",Australia,2019
"Gao, Yuan",Australia,2020
"Gao, Yuan",Australia,2021
"Gao, Yuan",China,2023
"Guan, JM",Spain,2005
"Guan, JM",United States,2005
"Guan, JM",United States,2006
"Guo, Jiajun",China,2018
"Guo, Jiajun",United States,2020
"Guo, Jiajun",China,2021
"Guo, Jiajun",China,2024
"Guo, Jing",United States,2007
"Guo, Jing",Malaysia,2024
"Guo, Yan",Canada,2017
"Guo, Yan",China,2018
"Guo, Yan",Canada,2022
"Guo, Yawei",United States,2018
"Guo, Yawei",United States,2020
"Guo, Yawei",United States,2021
"Guo, Yawei",China,2023
"Guo, Yawei",China,2024
"Ha, Kotdaji",South Korea,2020
"Ha, Kotdaji",United States,2020
"Ha, Minsu",United States,2011
"Ha, Minsu",United States,2012
"Ha, Minsu",United States,2014
"Ha, Minsu",South Korea,2015
"Ha, Minsu",South Korea,2018
"Ha, Minsu",South Korea,2019
"Ha, Minsu",South Korea,2020
"Ha, Minsu",South Korea,2021
"Ha, Minsu",South Korea,2022
"Ha, Minsu",South Korea,2023
"Ha, Minsu",South Korea,2024
"Ha, Phan Le",Australia,2014
"Ha, Phan Le",Brunei,2019
"Ha, Phan Le",United States,2019
"Ha, Phan Le",Brunei,2020
"Ha, Phan Le",United States,2020
"Ha, Phan Le",Brunei,2023
"Ha, Tu Anh",Spain,2024
"Ha, Tu Anh",Vietnam,2024
"Ha, Xuan Van",Vietnam,2022
"Ha, Xuan Van",Australia,2023
"Ha, Xuan Van",Vietnam,2023
"Ha, Xuan Van",Vietnam,2024
"Han, Amy",Italy,2011
"Han, Amy",Italy,2016
"Han, Amy",United States,2024
"Han, Brenna",Canada,2022
"Han, Brenna",United Kingdom,2022
"Han, Feifei",Australia,2012
"Han, Feifei",Australia,2016
"Han, Feifei",Australia,2017
"Han, Feifei",Australia,2019
"Han, Feifei",Australia,2020
"Han, Feifei",Australia,2021
"Han, Feifei",Australia,2022
"Han, Feifei",Australia,2023
"Han, Feifei",Austria,2023
"Han, Feifei",Australia,2024
"Han, Han",Canada,2006
"Han, Han",Canada,2019
"Han, Han",Norway,2024
"Han, Insook",South Korea,2014
"Han, Insook",United States,2016
"Han, Insook",United States,2019
"Han, Insook",United States,2020
"Han, Insook",United States,2021
"Han, Insook",United States,2022
"Han, Insuk",South Korea,2024
"Han, Insuk",United Kingdom,2024
"Han, Lu",Canada,2017
"Han, Lu",China,2021
"Han, Shuangmiao",United Kingdom,2015
"Han, Shuangmiao",United Kingdom,2016
"Han, Shuangmiao",United Kingdom,2017
"Han, Shuangmiao",China,2019
"Han, Shuangmiao",China,2023
"Han, Sunyoung",United States,2015
"Han, Sunyoung",South Korea,2019
"Han, T",Israel,1998
"Han, T",United States,1998
"Han, Wei",United States,2018
"Han, Wei",China,2024
"Han, Wei",Thailand,2024
"Han, Xue",United States,2008
"Han, Xue",United States,2016
"Han, Xue",China,2018
"Han, Youngsook",South Korea,2021
"Han, Youngsook",United States,2021
"Hao, Jie",Australia,2012
"Hao, Jie",United States,2018
"Hao, Jie",United States,2022
"He, Meizi",Canada,2011
"He, Meizi",United States,2011
"He, Meizi",United States,2016
"He, Tao",Belgium,2017
"He, Tao",Belgium,2018
"He, Tao",China,2019
"He, Wei",United States,2014
"He, Wei",China,2024
"He, Xuehong (Stella)",United States,2019
"He, Xuehong (Stella)",United Kingdom,2024
"He, Yueying",China,2019
"He, Yueying",United States,2021
"Heng, Kimkong",Australia,2020
"Heng, Kimkong",Australia,2022
"Heng, Kimkong",Australia,2023
"Heng, Kimkong",Cambodia,2023
"Heng, Kimkong",Australia,2024
"Heng, Kimkong",Cambodia,2024
"Hong, Ee Rea",United States,2014
"Hong, Ee Rea",South Korea,2020
"Hong, Jun Sung",South Korea,2016
"Hong, Jun Sung",United States,2016
"Hong, Jun Sung",South Korea,2018
"Hong, Jun Sung",United States,2018
"Hong, Jun Sung",South Korea,2024
"Hong, Jun Sung",United States,2024
"Hong, KS",Malaysia,2003
"Hong, KS",New Zealand,2003
"Hong, S",South Korea,2001
"Hong, S",United States,2001
"Hong, S",South Korea,2003
"Hong, S",United States,2003
"Hong, SH",South Korea,2005
"Hong, SH",United States,2005
"Hong, Ye Yoon",Thailand,2009
"Hong, Ye Yoon",South Korea,2015
"Hu, Amanda",United States,2012
"Hu, Amanda",Canada,2022
"Hu, Amanda",Canada,2023
"Hu, Bo",United States,2005
"Hu, Bo",United States,2006
"Hu, Bo",United Kingdom,2012
"Hu, Bo",United States,2017
"Hu, Guangwei",Singapore,2010
"Hu, Guangwei",Singapore,2014
"Hu, Guangwei",Singapore,2015
"Hu, Guangwei",Singapore,2016
"Hu, Guangwei",Singapore,2017
"Hu, Guangwei",Singapore,2018
"Hu, Guangwei",China,2023
"Hu, Jie",United States,2008
"Hu, Jie",United States,2012
"Hu, Jie",United States,2013
"Hu, Jie",China,2024
"Hu, Jing",United States,2005
"Hu, Jing",China,2018
"Hu, Ming",China,2012
"Hu, Ming",United States,2019
"Hu, Ran",United States,2013
"Hu, Ran",Canada,2021
"Hu, Ran",Canada,2022
"Hu, Ran",Canada,2024
"Hu, Xin",Australia,2016
"Hu, Xin",China,2016
"Hu, Xin",Australia,2024
"Hu, Xin",United States,2024
"Hu, Yang",United Kingdom,2018
"Hu, Yang",United States,2021
"Hu, Yuanyuan",New Zealand,2022
"Hu, Yuanyuan",Netherlands,2024
"Hua, Jing",United States,2021
"Hua, Jing",Japan,2023
"Huang, Feifei",New Zealand,2021
"Huang, Feifei",China,2024
"Huang, Hung-Tzu",China,2007
"Huang, Hung-Tzu",United States,2007
"Huang, Jing",United Kingdom,2021
"Huang, Jing",China,2024
"Huang, Jing",United States,2024
"Huang, Jiun-Hau",Canada,2007
"Huang, Jiun-Hau",United States,2007
"Huang, Lingyun",Canada,2021
"Huang, Lingyun",China,2024
"Huang, Rong",United Kingdom,2007
"Huang, Rong",United Kingdom,2013
"Huang, Rong",United Kingdom,2014
"Huang, Rong",United Kingdom,2016
"Huang, Rong",United Kingdom,2018
"Huang, Rong",United Kingdom,2019
"Huang, Rong",United Kingdom,2023
"Huang, Rong",United Kingdom,2024
"Huang, Rong",United States,2024
"Huang, Siqi",Canada,2020
"Huang, Siqi",Thailand,2024
"Huang, Siqi",United States,2024
"Huang, Ting",Netherlands,2022
"Huang, Ting",United States,2023
"Huang, Ting",United States,2024
"Huang, Ying",United States,2012
"Huang, Ying",United States,2016
"Huang, Ying",China,2022
"Huang, Yun",Chile,2023
"Huang, Yun",United States,2023
"Huang, Yun",Chile,2024
"Ji, Feng",Canada,2023
"Ji, Feng",United States,2023
"Jia, Fan",United States,2020
"Jia, Fan",China,2024
"Jia, Fan",United States,2024
"Jiang, Heng",Singapore,2019
"Jiang, Heng",United States,2019
"Jiang, Ke",United States,2016
"Jiang, Ke",New Zealand,2022
"Jiang, Ke",New Zealand,2024
"Jiang, Nan",United States,2007
"Jiang, Nan",United Kingdom,2011
"Jiang, Nan",China,2024
"Jiang, Songyu",Australia,2024
"Jiang, Songyu",Thailand,2024
"Jiang, Yang",United States,2020
"Jiang, Yang",United States,2021
"Jiang, Yang",Thailand,2022
"Jiang, Zhehan",United States,2019
"Jiang, Zhehan",United States,2020
"Jiang, Zhehan",China,2022
"Jiang, Zhehan",China,2023
"Jiao, Yang",United States,2021
"Jiao, Yang",Malaysia,2023
"Jin, Hui",United States,2010
"Jin, Hui",China,2012
"Jin, Hui",United States,2015
"Jin, Hui",United States,2016
"Jin, Hui",United States,2019
"Jin, Hui",United States,2021
"Jin, Hui",United States,2024
"Jin, Li",United States,2007
"Jin, Li",United States,2013
"Jin, Li",United States,2015
"Jin, Li",United States,2018
"Jin, Li",United States,2019
"Jin, Li",United Kingdom,2022
"Jin, Li",United States,2022
"Jin, Li",United States,2024
"Jin, Seunghee",United States,2015
"Jin, Seunghee",South Korea,2024
"Jin, Yan",China,2014
"Jin, Yan",Australia,2016
"Jin, Yan",China,2017
"Jin, Yan",Australia,2018
"Jin, Yan",China,2020
"Jin, Ying",United States,2014
"Jin, Ying",United States,2016
"Jin, Ying",New Zealand,2017
"Jin, Ying",United States,2020
"Jin, Ying",United States,2022
"Kang, Dae Joong",United States,2007
"Kang, Dae Joong",South Korea,2017
"Kang, Eun Young",South Korea,2019
"Kang, Eun Young",Canada,2020
"Kang, Eun Young",South Korea,2023
"Kang, Hosun",United States,2010
"Kang, Hosun",United States,2011
"Kang, Hosun",United States,2021
"Kang, Hosun",South Korea,2022
"Kang, Hosun",United States,2022
"Kang, Hosun",United States,2023
"Kang, Hosun",United States,2024
"Kang, Ji Hye",South Korea,2011
"Kang, Ji Hye",United States,2018
"Kang, Jina",United States,2008
"Kang, Jina",United States,2014
"Kang, Jina",United States,2016
"Kang, Jina",South Korea,2017
"Kang, Jina",United States,2017
"Kang, Jina",United States,2021
"Kang, Jina",United States,2022
"Kang, Jina",United States,2024
"Kang, M.",South Korea,2013
"Kang, M.",Finland,2024
"Kang, Mee Joo",Ghana,2020
"Kang, Mee Joo",South Korea,2020
"Kang, Minchul",South Korea,2018
"Kang, Minchul",South Korea,2020
"Kang, Minchul",United States,2024
Khang Do Ba,Vietnam,2017
Khang Do Ba,Thailand,2018
"LONG, MH",Australia,1994
"LONG, MH",Japan,1994
"LONG, MH",United States,1994
"Lai, Chun",United States,2009
"Lai, Chun",China,2011
"Lai, Chun",China,2012
"Lai, Chun",China,2017
"Lai, Chun",China,2024
"Lai, F",Canada,1997
"Lai, F",United States,1997
"Lai, KW",Malaysia,2003
"Lai, KW",New Zealand,2003
"Lai, P",Australia,1999
"Lai, P",China,1999
"Lai, P",United States,1999
"Lai, Yvonne",United States,2014
"Lai, Yvonne",United States,2019
"Lai, Yvonne",Australia,2020
"Lai, Yvonne",United States,2023
"Lai, Yvonne",United States,2024
"Lang, Daniel",Canada,2009
"Lang, Daniel",Germany,2016
"Lang, Jonas W. B.",Germany,2007
"Lang, Jonas W. B.",Belgium,2014
"Le, Andrew",United States,2021
"Le, Andrew",Australia,2024
"Le, Ha Van",Vietnam,2022
"Le, Ha Van",Vietnam,2023
"Le, Ha Van",Malaysia,2024
"Le, Ha Van",Vietnam,2024
"Le, Thu Thi-Kim",Canada,2024
"Le, Thu Thi-Kim",Vietnam,2024
"Le, Tri D.",Australia,2019
"Le, Tri D.",Vietnam,2019
"Le, Tri D.",Australia,2020
"Le, Tri D.",Vietnam,2020
"Le, Viet",Australia,2024
"Le, Viet",United States,2024
"Lei, Jun",Singapore,2014
"Lei, Jun",Singapore,2015
"Lei, Jun",Singapore,2016
"Lei, Jun",United Kingdom,2021
"Lei, Jun",China,2023
"Leng, Paul H.",Israel,2007
"Leng, Paul H.",United Kingdom,2007
"Leng, Phirom",Canada,2016
"Leng, Phirom",Cambodia,2021
"Li, Bo",China,2018
"Li, Bo",United States,2018
"Li, Bo",China,2019
"Li, Bo",United States,2020
"Li, Bo",United States,2022
"Li, Chengcheng",United States,2015
"Li, Chengcheng",United States,2021
"Li, Chengcheng",China,2023
"Li, Chunxiao",Singapore,2012
"Li, Chunxiao",China,2021
"Li, Dan",United States,2013
"Li, Dan",China,2016
"Li, Dan",United States,2018
"Li, Dan",United States,2020
"Li, Dan",United States,2021
"Li, Dan",China,2024
"Li, Dongmei",Australia,2014
"Li, Dongmei",United States,2022
"Li, Dongmei",Australia,2023
"Li, Dongmei",Australia,2024
"Li, Fan",Australia,2021
"Li, Fan",Netherlands,2021
"Li, Fan",Australia,2023
"Li, Fangxuan (Sam)",New Zealand,2019
"Li, Fangxuan (Sam)",New Zealand,2020
"Li, Fangxuan (Sam)",China,2021
"Li, Hao",China,2022
"Li, Hao",China,2023
"Li, Hao",China,2024
"Li, Hao",Japan,2024
"Li, Hui",China,2016
"Li, Hui",China,2018
"Li, Hui",China,2019
"Li, Hui",Australia,2020
"Li, Hui",China,2020
"Li, Hui",Australia,2021
"Li, Hui",China,2022
"Li, Hui",South Korea,2024
"Li, Hui-Chuan",Brunei,2017
"Li, Hui-Chuan",Brunei,2018
"Li, Hui-Chuan",United Kingdom,2022
"Li, Ian W.",Australia,2017
"Li, Ian W.",Australia,2020
"Li, Ian W.",Australia,2022
"Li, Ian W.",Germany,2022
"Li, Ian W.",Australia,2023
"Li, Ian W.",Australia,2024
"Li, Jia",China,2008
"Li, Jia",Canada,2015
"Li, Jia",Canada,2017
"Li, Jia",Canada,2018
"Li, Jia",Canada,2019
"Li, Jia",China,2021
"Li, Jia",Canada,2022
"Li, Jia",Canada,2023
"Li, Jia",United Kingdom,2024
"Li, Jian",Germany,2014
"Li, Jian",United States,2023
"Li, Jian",United States,2024
"Li, Jiaqi",United States,2014
"Li, Jiaqi",United States,2018
"Li, Jiaqi",United States,2021
"Li, Jiaqi",China,2024
"Li, Jie",China,2018
"Li, Jie",United States,2019
"Li, Jing",United States,2014
"Li, Jing",United States,2017
"Li, Jing",United States,2018
"Li, Jing",United States,2019
"Li, Jing",Canada,2021
"Li, Jing",United Kingdom,2021
"Li, Jonathan",Australia,2018
"Li, Jonathan",United States,2024
"Li, Jun",United Kingdom,2005
"Li, Jun",Canada,2023
"Li, Jun",China,2023
"Li, Jun",Thailand,2023
"Li, Lei",United States,2017
"Li, Lei",United States,2018
"Li, Lei",China,2024
"Li, Li",United States,2011
"Li, Li",United Kingdom,2012
"Li, Li",United Kingdom,2014
"Li, Li",United Kingdom,2017
"Li, Li",United Kingdom,2018
"Li, Li",China,2021
"Li, Li",China,2022
"Li, Li",Canada,2024
"Li, Liming",China,2007
"Li, Liming",United States,2020
"Li, Lin",Canada,2024
"Li, Lin",United States,2024
"Li, Linda Y.",Australia,2008
"Li, Linda Y.",Australia,2011
"Li, Linda Y.",United States,2011
"Li, Ling",Canada,2020
"Li, Ling",Canada,2022
"Li, Ling",China,2022
"Li, Lu",United States,2019
"Li, Lu",China,2020
"Li, Lu",China,2022
"Li, Miao",China,2011
"Li, Miao",Canada,2013
"Li, Miao",United States,2018
"Li, Miao",United States,2022
"Li, Mimi",China,2013
"Li, Mimi",United States,2013
"Li, Mimi",United States,2018
"Li, Mimi",United States,2022
"Li, Mimi",United States,2023
"Li, Mimi",United States,2024
"Li, Ming",United States,2015
"Li, Ming",United States,2017
"Li, Ming",Japan,2024
"Li, Na",United Kingdom,2006
"Li, Na",United States,2020
"Li, Nai",United Kingdom,2007
"Li, Nai",Singapore,2013
"Li, Nai",United Kingdom,2016
"Li, Nai",United Kingdom,2017
"Li, Nai",United Kingdom,2020
"Li, Peng",China,2018
"Li, Peng",United States,2023
"Li, Qing",United States,2008
"Li, Qing",Canada,2010
"Li, Qing",United States,2010
"Li, Qing",United States,2013
"Li, Qing",United States,2017
"Li, Qing",United Kingdom,2021
"Li, Qing",China,2023
"Li, Ran",Australia,2013
"Li, Ran",United States,2019
"Li, Ran",China,2020
"Li, Ran",Malaysia,2022
"Li, Rui",United States,2011
"Li, Rui",United States,2015
"Li, Rui",Canada,2018
"Li, Rui",Canada,2019
"Li, Rui",China,2019
"Li, Rui",United States,2021
"Li, Shan",Canada,2019
"Li, Shan",Canada,2020
"Li, Shan",Canada,2021
"Li, Shan",Canada,2022
"Li, Shan",United States,2022
"Li, Shan",Canada,2023
"Li, Shan",United States,2023
"Li, Shan",United States,2024
"Li, Shaofeng",United States,2009
"Li, Shaofeng",New Zealand,2017
"Li, Shaofeng",New Zealand,2018
"Li, Shaofeng",United States,2020
"Li, Shaofeng",United States,2024
"Li, Shihua",Belgium,2019
"Li, Shihua",China,2023
"Li, Tao",China,2009
"Li, Tao",United States,2021
"Li, Ting",United States,2012
"Li, Ting",United States,2018
"Li, Ting",United States,2022
"Li, Ting",Switzerland,2023
"Li, Ting",China,2024
"Li, Wei",United States,2008
"Li, Wei",United States,2012
"Li, Wei",China,2016
"Li, Wei",United States,2016
"Li, Wei",Australia,2018
"Li, Wei",United Kingdom,2018
"Li, Wei",United States,2018
"Li, Wei",United States,2019
"Li, Wei",United States,2020
"Li, Wei",United States,2021
"Li, Wei",China,2022
"Li, Wei",United States,2023
"Li, Wei",United States,2024
"Li, Wenjing",United States,2017
"Li, Wenjing",Australia,2018
"Li, Xin",United States,2005
"Li, Xin",United States,2006
"Li, Xin",China,2019
"Li, Xin",South Korea,2020
"Li, Xin",United States,2021
"Li, Xin",South Korea,2022
"Li, Xin",China,2023
"Li, Xin",Sweden,2023
"Li, Xin",United States,2023
"Li, Xin",Japan,2024
"Li, Xu",United States,2021
"Li, Xu",China,2024
"Li, Xu",Malaysia,2024
"Li, Xuan",China,2020
"Li, Xuan",United States,2023
"Li, Yan",United States,2009
"Li, Yan",United States,2011
"Li, Yan",China,2012
"Li, Yan",United States,2012
"Li, Yan",China,2013
"Li, Yan",China,2015
"Li, Yan",Australia,2022
"Li, Yan",Australia,2024
"Li, Ye",United States,2016
"Li, Ye",Russia,2021
"Li, Ye",United States,2021
"Li, Yi",Canada,2011
"Li, Yi",United States,2013
"Li, Yi",China,2015
"Li, Yi",China,2017
"Li, Yi",China,2022
"Li, Yi",China,2024
"Li, Yifei",China,2009
"Li, Yifei",Canada,2023
"Li, Ying",United States,2010
"Li, Ying",United States,2012
"Li, Ying",United States,2014
"Li, Ying",China,2023
"Li, Ying",Malaysia,2023
"Li, Ying",United States,2024
"Li, You",United States,2023
"Li, You",Japan,2024
"Li, Yu",United States,2019
"Li, Yu",Japan,2023
"Li, Yue",United States,2017
"Li, Yue",United States,2020
"Li, Yue",United States,2021
"Li, Yue",Thailand,2023
"Li, Yue",United States,2024
"Li, Zhengjie",United States,2020
"Li, Zhengjie",China,2021
"Li, Zhi",United States,2013
"Li, Zhi",United States,2014
"Li, Zhi",Canada,2021
"Li, Zhi",United States,2021
"Li, Zhi",United States,2024
"Lin, Chin-Hsi",United States,2012
"Lin, Chin-Hsi",United States,2017
"Lin, Chin-Hsi",United States,2018
"Lin, Chin-Hsi",China,2019
"Lin, Chin-Hsi",China,2021
"Lin, Donghui",Japan,2024
"Lin, Donghui",Singapore,2024
"Lin, Jionghao",Australia,2024
"Lin, Jionghao",United States,2024
"Lin, Lijia",United States,2011
"Lin, Lijia",China,2021
"Lin, Lijia",China,2024
"Lin, Lin",United States,2009
"Lin, Lin",United States,2010
"Lin, Lin",United States,2011
"Lin, Lin",United States,2012
"Lin, Lin",United States,2014
"Lin, Lin",United States,2016
"Lin, Lin",United States,2018
"Lin, Lin",United States,2020
"Lin, Lin",United States,2022
"Lin, Lin",United States,2023
"Lin, Lin",United Kingdom,2024
"Lin, Lin",United States,2024
"Lin, Pei-Yi",China,2017
"Lin, Pei-Yi",China,2019
"Lin, Pei-Yi",Canada,2020
"Lin, Wei",Netherlands,2012
"Lin, Wei",United States,2012
"Lin, YG",Israel,1998
"Lin, YG",United States,1998
"Lin, YG",South Korea,2001
"Lin, YG",United States,2001
"Lin, Ying-Chun",United States,2018
"Lin, Ying-Chun",China,2020
"Ling, Voon Mung",Australia,2023
"Ling, Voon Mung",Malaysia,2023
"Liu, Ang",United States,2015
"Liu, Ang",Australia,2023
"Liu, Bo",China,2022
"Liu, Bo",United States,2023
"Liu, Chang",United States,2021
"Liu, Chang",United States,2023
"Liu, Chang",China,2024
"Liu, Cheng",China,2021
"Liu, Cheng",United States,2021
"Liu, Cheng",United States,2023
"Liu, DL",China,1999
"Liu, DL",United States,1999
"Liu, DL",United States,2003
"Liu, Dan",United Kingdom,2016
"Liu, Dan",United States,2017
"Liu, Dan",United States,2019
"Liu, Dan",United Kingdom,2020
"Liu, Dan",United States,2021
"Liu, Danica",Australia,2014
"Liu, Danica",United Kingdom,2014
"Liu, Hairui",United States,2020
"Liu, Hairui",United States,2021
"Liu, Hairui",Canada,2022
"Liu, Haixia",China,2017
"Liu, Haixia",United States,2017
"Liu, Haixia",United States,2019
"Liu, Haiyan",Singapore,2024
"Liu, Haiyan",United States,2024
"Liu, Huacong",United States,2016
"Liu, Huacong",Germany,2019
"Liu, Huacong",Germany,2022
"Liu, Hui",United States,2014
"Liu, Hui",China,2022
"Liu, Hui",China,2024
"Liu, Jia",United States,2015
"Liu, Jia",Australia,2022
"Liu, Jia",United Kingdom,2022
"Liu, Jia",United Kingdom,2024
"Liu, Jiayi",Malaysia,2024
"Liu, Jiayi",United States,2024
"Liu, Jin",United States,2019
"Liu, Jin",China,2020
"Liu, Jin",United States,2020
"Liu, Jin",China,2021
"Liu, Jin",United States,2021
"Liu, Jin",United States,2023
"Liu, Jin",United States,2024
"Liu, Jing",United States,2015
"Liu, Jing",United States,2019
"Liu, Jing",Japan,2022
"Liu, Jun",China,2014
"Liu, Jun",United States,2018
"Liu, Keqiao",United States,2017
"Liu, Keqiao",China,2020
"Liu, Lin",United States,2018
"Liu, Lin",Australia,2022
"Liu, Lin",Australia,2023
"Liu, Lu",United States,2015
"Liu, Lu",United States,2019
"Liu, Lu",United Kingdom,2020
"Liu, Lu",Australia,2024
"Liu, Lu",United States,2024
"Liu, Min",United States,2011
"Liu, Min",United States,2014
"Liu, Min",China,2015
"Liu, Min",United States,2016
"Liu, Min",United States,2017
"Liu, Min",United States,2022
"Liu, Ou Lydia",United States,2011
"Liu, Ou Lydia",United States,2012
"Liu, Ou Lydia",United States,2014
"Liu, Ou Lydia",United States,2015
"Liu, Ou Lydia",United States,2016
"Liu, Ou Lydia",United States,2017
"Liu, Ou Lydia",United States,2018
"Liu, Ou Lydia",United States,2020
"Liu, Ou Lydia",United States,2022
"Liu, Ou Lydia",France,2024
"Liu, Peng",Canada,2020
"Liu, Peng",China,2024
"Liu, Qian",China,2016
"Liu, Qian",New Zealand,2021
"Liu, Qian",New Zealand,2022
"Liu, Qian",New Zealand,2023
"Liu, Qian",Thailand,2023
"Liu, Qian",China,2024
"Liu, Qian",New Zealand,2024
"Liu, Qing",China,2015
"Liu, Qing",Canada,2018
"Liu, Qing",United States,2020
"Liu, Qing",Canada,2024
"Liu, Qing",United States,2024
"Liu, Shujie",United States,2009
"Liu, Shujie",United States,2011
"Liu, Shujie",China,2016
"Liu, Tian",China,2017
"Liu, Tian",Canada,2022
"Liu, Ting",United States,2016
"Liu, Ting",United States,2017
"Liu, Ting",Australia,2021
"Liu, Ting",Australia,2024
"Liu, Tingting",United States,2019
"Liu, Tingting",Malaysia,2021
"Liu, Tingting",United States,2021
"Liu, Wei",Canada,2016
"Liu, Wei",Canada,2018
"Liu, Wei",Canada,2019
"Liu, Wei",China,2019
"Liu, Wei",China,2020
"Liu, Wei",Canada,2021
"Liu, Wei",Canada,2023
"Liu, Wei",United Kingdom,2023
"Liu, Wei",Canada,2024
"Liu, XF",Canada,1997
"Liu, XF",Canada,2002
"Liu, XF",South Africa,2002
"Liu, Xia",Greece,2016
"Liu, Xia",United States,2020
"Liu, Xia",China,2021
"Liu, Xiao",United States,2023
"Liu, Xiao",China,2024
"Liu, Xiaoli",Canada,2020
"Liu, Xiaoli",China,2022
"Liu, Xiaomei",United States,2020
"Liu, Xiaomei",China,2022
"Liu, Xin",China,2011
"Liu, Xin",China,2018
"Liu, Xin",United States,2018
"Liu, Xin",United States,2022
"Liu, Xin",Belgium,2023
"Liu, Xu",United Kingdom,2020
"Liu, Xu",China,2024
"Liu, Yan",Singapore,2007
"Liu, Yan",United States,2007
"Liu, Yan",Australia,2019
"Liu, Yan",Canada,2020
"Liu, Yan",United States,2020
"Liu, Yan",Canada,2021
"Liu, Yan",United States,2021
"Liu, Yan",United States,2022
"Liu, Yan",China,2023
"Liu, Yang",Canada,2017
"Liu, Yang",Canada,2019
"Liu, Yang",United States,2019
"Liu, Yang",Canada,2020
"Liu, Yang",China,2020
"Liu, Yang",United States,2020
"Liu, Yang",Canada,2021
"Liu, Yang",China,2021
"Liu, Yang",United States,2021
"Liu, Yang",United States,2023
"Liu, Yanhong",China,2022
"Liu, Yanhong",United States,2022
"Liu, Yi",China,2018
"Liu, Yi",United States,2019
"Liu, Yi Hui Angella",Australia,2020
"Liu, Yi Hui Angella",United States,2020
"Liu, Ying",China,2011
"Liu, Ying",United States,2011
"Liu, Ying",China,2012
"Liu, Ying",United States,2015
"Liu, Ying",China,2017
"Liu, Ying",United States,2021
"Liu, Ying",China,2024
"Liu, Yingjie",United States,2008
"Liu, Yingjie",China,2013
"Liu, Yingjie",United States,2021
"Liu, Yong",United States,2016
"Liu, Yong",Hungary,2022
"Liu, Yong",Hungary,2023
"Liu, Yong",Hungary,2024
"Liu, Yu",United States,2020
"Liu, Yu",United States,2022
"Liu, Yu",United States,2023
"Liu, Yu",Singapore,2024
"Liu, Yuchen",United States,2023
"Liu, Yuchen",Australia,2024
"Liu, Yuchen",China,2024
"Liu, Yue",China,2011
"Liu, Yue",China,2012
"Liu, Yue",New Zealand,2015
"Liu, Yujia",United States,2022
"Liu, Yujia",Thailand,2024
"Liu, Yuying",Ireland,2021
"Liu, Yuying",United Kingdom,2024
"Liu, Zhifang",China,2022
"Liu, Zhifang",Malaysia,2024
"Long, Caroline",South Africa,2011
"Long, Caroline",South Africa,2019
"Long, Caroline",United States,2021
"Long, Caroline",South Africa,2022
"Long, Caroline",United States,2024
"Long, John M.",United States,2017
"Long, John M.",Australia,2021
"Long, Joshua",Switzerland,2013
"Long, Joshua",United States,2021
"Long, LR",China,2006
"Long, LR",Japan,2006
"Long, LR",United States,2006
"Long, M",Australia,1998
"Long, M",United Kingdom,2005
"Long, Miaolang",China,2023
"Long, Miaolang",China,2024
"Long, Miaolang",United States,2024
"Long, S",United States,1999
"Long, S",United Kingdom,2001
"Long, Tammy M.",United States,2010
"Long, Tammy M.",United States,2013
"Long, Tammy M.",United States,2014
"Long, Tammy M.",United States,2015
"Long, Tammy M.",United States,2018
"Long, Tammy M.",United States,2020
"Long, Tammy M.",United States,2022
"Long, Tammy M.",United States,2023
"Long, Tammy M.",Switzerland,2024
"Long, Taotao",United States,2016
"Long, Taotao",United States,2017
"Long, Taotao",China,2019
"Long, Taotao",China,2021
"Long, Taotao",China,2023
"Lu, Jinjin",Czech Republic,2018
"Lu, Jinjin",Australia,2021
"Lu, Yang",United States,2017
"Lu, Yang",United States,2020
"Lu, Yang",China,2023
"Luo, JS",Canada,2006
"Luo, JS",United States,2006
"Luo, John S.",Canada,2006
"Luo, John S.",United States,2006
"Luo, John S.",United States,2008
"Luo, Linlin",Germany,2018
"Luo, Linlin",United States,2018
"Luo, Linlin",Germany,2019
"Luo, Linlin",Germany,2022
"Luo, Rebekah",Australia,2019
"Luo, Rebekah",New Zealand,2019
"Luo, Wenjing",United States,2018
"Luo, Wenjing",United States,2022
"Luo, Wenjing",China,2023
"Ma, Ying",China,2017
"Ma, Ying",United Kingdom,2024
"Ma, Ying",United States,2024
"Ma, Yue",United States,2011
"Ma, Yue",United States,2021
"Ma, Yue",United States,2022
"Ma, Yue",China,2024
"Ma, Yue",United States,2024
"Mei, Li",China,2017
"Mei, Li",New Zealand,2020
"Ming, Long Chiau",Malaysia,2015
"Ming, Long Chiau",Malaysia,2016
"Ming, Long Chiau",Australia,2017
"Ming, Long Chiau",Australia,2018
"Ming, Long Chiau",Malaysia,2018
"Ming, Long Chiau",Australia,2020
"Ming, Long Chiau",Brunei,2020
"Ming, Long Chiau",Australia,2021
"Ming, Long Chiau",Brunei,2021
"Ming, Long Chiau",Brunei,2022
"Ming, Long Chiau",Indonesia,2024
"Ming, Long Chiau",Malaysia,2024
"Mo, Di",Belgium,2016
"Mo, Di",United States,2016
"Mo, Di",United States,2023
"Mou, Leping",Canada,2021
"Mou, Leping",Canada,2022
"Mou, Leping",United Kingdom,2024
"Mu, Guanglun Michael",Australia,2015
"Mu, Guanglun Michael",Canada,2015
"Mu, Guanglun Michael",Australia,2019
"Mu, Guanglun Michael",Australia,2021
"Mu, Guanglun Michael",Australia,2022
"Mu, Guanglun Michael",Australia,2023
"Mu, Guanglun Michael",Australia,2024
"Ni, Dawei",Germany,2021
"Ni, Dawei",United States,2021
"Ouyang, Fan",United States,2018
"Ouyang, Fan",United States,2019
"Ouyang, Fan",China,2020
"Ouyang, Fan",China,2023
"Ouyang, Fan",China,2024
"Pan, Wei",United States,2006
"Pan, Wei",United States,2008
"Pan, Wei",United States,2009
"Pan, Wei",United Kingdom,2010
"Pang, Bonnie",Australia,2016
"Pang, Bonnie",Australia,2018
"Pang, Bonnie",Australia,2020
"Pang, Bonnie",United Kingdom,2020
"Pang, Bonnie",Australia,2022
"Pang, Bonnie",United Kingdom,2022
"Pang, Priscilla",Singapore,2024
"Pang, Priscilla",Sweden,2024
"Peng, Ann C.",Canada,2015
"Peng, Ann C.",United States,2021
"Peng, Kaiping",United States,2011
"Peng, Kaiping",China,2016
"Peng, Kaiping",United States,2016
Phan Le Ha,Australia,2013
Phan Le Ha,United States,2014
Phan Le Ha,United States,2015
Phan Le Ha,United States,2018
Phan Le Ha,Brunei,2021
Phan Le Ha,United States,2021
Phan Le Ha,Brunei,2022
"Pu, Ruihui",Thailand,2022
"Pu, Ruihui",China,2024
"Pu, Ruihui",Thailand,2024
"Pu, Shi",United States,2016
"Pu, Shi",United States,2017
"Pu, Shi",United States,2020
"Pu, Shi",Canada,2021
"Qi, Grace Yue",Australia,2018
"Qi, Grace Yue",New Zealand,2020
"Qi, Grace Yue",Australia,2024
"Qi, Grace Yue",New Zealand,2024
"Qu, Ming",United States,2010
"Qu, Ming",Japan,2021
"Quan, HD",Canada,2000
"Quan, HD",United States,2000
"Quan, Nguyen Khoi",Japan,2022
"Quan, Nguyen Khoi",Vietnam,2022
Que Anh Dang,Denmark,2013
Que Anh Dang,United Kingdom,2018
"Rao, Deepa",Australia,2011
"Rao, Deepa",Australia,2012
"Rao, Deepa",United States,2014
"Rao, NR",United States,1998
"Rao, NR",Zimbabwe,1998
"Rao, NR",United States,2000
"Ren, Wei",Ireland,2023
"Ren, Wei",China,2024
"Shangguan, Rulan",United States,2018
"Shangguan, Rulan",China,2022
"Shen, Bo",United States,2007
"Shen, Bo",United States,2016
"Shen, Bo",China,2023
"Shen, Bo",United States,2023
"Shen, Bo",United States,2024
"Shen, Jun",China,2012
"Shen, Jun",Australia,2014
"Shen, Jun",Australia,2024
"Sheng, Xiaoming",United Kingdom,2012
"Sheng, Xiaoming",United States,2013
"Sheng, Xiaoming",United Kingdom,2017
"Sheng, Xiaoming",United Kingdom,2018
"Sheng, Xiaoming",United Kingdom,2019
"Shi, Zihan",Australia,2011
"Shi, Zihan",Canada,2013
"Song, Jaeki",South Korea,2012
"Song, Jaeki",United States,2012
"Song, Mengli",United States,2010
"Song, Mengli",Greece,2016
"Song, Mengli",United States,2021
"Song, Mengli",United States,2022
"Song, Mengli",United States,2024
"Song, Sue-Yeon",South Korea,2019
"Song, Sue-Yeon",United States,2020
"Song, Sue-Yeon",South Korea,2021
"Song, Xu",Malaysia,2023
"Song, Xu",United States,2023
"Song, Xu",United States,2024
"Song, Yanjie",Singapore,2012
"Song, Yanjie",China,2021
"Su, Jenny C.",China,2013
"Su, Jenny C.",United States,2017
"Sun, Daner",Singapore,2013
"Sun, Daner",China,2024
"Sun, Geng",Australia,2014
"Sun, Geng",Australia,2024
"Sun, Geng",China,2024
"Sun, Jun",United States,2012
"Sun, Jun",United States,2015
"Sun, Jun",United States,2016
"Sun, Jun",China,2024
"Sun, Min",United States,2018
"Sun, Min",United States,2021
"Sun, Min",United Kingdom,2022
"Sun, Qi",United States,2013
"Sun, Qi",United States,2019
"Sun, Qi",United States,2020
"Sun, Qi",United States,2021
"Sun, Qi",Malaysia,2022
"Sun, Qi",United States,2022
"Sun, Qi",United States,2024
"Sun, Qiang",Australia,2020
"Sun, Qiang",China,2023
"Sun, Xiaoran",United States,2019
"Sun, Xiaoran",China,2022
"Sun, Y.",Japan,2007
"Sun, Y.",United States,2007
"Sun, Yachao",United States,2019
"Sun, Yachao",China,2021
"Sun, Yanyan",United States,2014
"Sun, Yanyan",China,2017
"Sun, Yanyan",China,2019
"Sun, Yanyan",China,2020
"Sun, Yi",United Kingdom,2020
"Sun, Yi",Russia,2023
"Sun, Yu",United States,2016
"Sun, Yu",China,2021
"Tai, Kevin W. H.",United Kingdom,2023
"Tai, Kevin W. H.",China,2024
"Tan, Christine Nya-Ling",Malaysia,2016
"Tan, Christine Nya-Ling",Malaysia,2024
"Tan, Christine Nya-Ling",New Zealand,2024
"Tan, Han Yen",United States,2012
"Tan, Han Yen",Australia,2018
"Tan, Han Yen",Singapore,2018
"Tan, I. Bing",Indonesia,2010
"Tan, I. Bing",Netherlands,2010
"Tan, Kelvin",Singapore,2020
"Tan, Kelvin",Canada,2021
"Tan, Kelvin",Singapore,2021
"Tan, Kevin",Singapore,2011
"Tan, Kevin",New Zealand,2020
"Tan, Kevin",United States,2022
"Tan, Kevin",United States,2023
"Tan, Kevin",Singapore,2024
"Tan, Kim",Singapore,2011
"Tan, Kim",United States,2023
"Tan, PP",United States,2002
"Tan, PP",China,2004
"Tan, PP",United States,2004
"Tan, Tony Xing",China,2021
"Tan, Tony Xing",United States,2021
"Tan, Tony Xing",United States,2024
"Tan, Yuen Sze Michelle",Singapore,2014
"Tan, Yuen Sze Michelle",Canada,2017
"Tan, Yuen Sze Michelle",Canada,2020
"Tang, Alice",United Kingdom,2021
"Tang, Alice",United States,2024
"Tang, Hui",United States,2012
"Tang, Hui",United States,2014
"Tang, Hui",United States,2017
"Tang, Hui",China,2021
"Tang, Hui",China,2024
"Tang, Hui",Germany,2024
"Tang, Kuok Ho Daniel",Malaysia,2018
"Tang, Kuok Ho Daniel",Malaysia,2021
"Tang, Kuok Ho Daniel",United States,2023
"Tang, Wei",China,2018
"Tang, Wei",United States,2021
"Tao, Yu",United States,2017
"Tao, Yu",Australia,2021
"Teng, Lin Sophie",New Zealand,2016
"Teng, Lin Sophie",China,2018
"Teng, Lin Sophie",New Zealand,2018
Thi Ngoc Yen Dang,New Zealand,2017
Thi Ngoc Yen Dang,Vietnam,2017
Thi Ngoc Yen Dang,United Kingdom,2020
Thi Ngoc Yen Dang,United Kingdom,2022
"Tian, Meng",Finland,2016
"Tian, Meng",United Kingdom,2023
"Tian, Yu",China,2024
"Tian, Yu",United States,2024
"Wan, Chang Da",Malaysia,2015
"Wan, Chang Da",Malaysia,2017
"Wan, Chang Da",Malaysia,2018
"Wan, Chang Da",Malaysia,2020
"Wan, Chang Da",Malaysia,2021
"Wan, Chang Da",Malaysia,2022
"Wan, Chang Da",Malaysia,2023
"Wan, Chang Da",Singapore,2023
"Wan, Sirui",United States,2023
"Wan, Sirui",Canada,2024
"Wan, Sirui",United States,2024
"Wang, Angela",Australia,2016
"Wang, Angela",United States,2022
"Wang, Bo",United States,2008
"Wang, Bo",United States,2014
"Wang, Bo",Australia,2022
"Wang, Chen",Malaysia,2014
"Wang, Chen",Australia,2022
"Wang, Chen",China,2022
"Wang, Chuang",United States,2009
"Wang, Chuang",United States,2012
"Wang, Chuang",United States,2013
"Wang, Chuang",United States,2014
"Wang, Chuang",United States,2015
"Wang, Chuang",United States,2018
"Wang, Chuang",China,2019
"Wang, Chuang",United States,2019
"Wang, Chuang",China,2020
"Wang, Chuang",China,2022
"Wang, Chuang",China,2023
"Wang, Chuang",United States,2023
"Wang, Chuang",China,2024
"Wang, Chuang",United States,2024
"Wang, Fei",Canada,2017
"Wang, Fei",Canada,2022
"Wang, Fei",United States,2022
"Wang, Fei",China,2023
"Wang, Fei",Japan,2023
"Wang, Hao",China,2020
"Wang, Hao",China,2022
"Wang, Hao",China,2023
"Wang, Hao",United States,2024
"Wang, Hong",United Kingdom,2008
"Wang, Hong",United States,2013
"Wang, Hong",United States,2014
"Wang, Hong",United States,2018
"Wang, Hong",China,2024
"Wang, Huan",China,2016
"Wang, Huan",United States,2018
"Wang, Huan",United States,2022
"Wang, Huanhuan",United States,2019
"Wang, Huanhuan",China,2023
"Wang, Isobel Kai-Hui",Austria,2019
"Wang, Isobel Kai-Hui",United Kingdom,2024
"Wang, Jia",United States,2006
"Wang, Jia",Australia,2010
"Wang, Jia",China,2017
"Wang, Jia",United States,2020
"Wang, Jia",United States,2022
"Wang, Jia",United States,2024
"Wang, Jie",Australia,2010
"Wang, Jie",China,2010
"Wang, Jie",United States,2014
"Wang, Jie",Australia,2023
"Wang, Jie",Japan,2024
"Wang, Jin",United States,2011
"Wang, Jin",China,2019
"Wang, Jing",China,2008
"Wang, Jing",China,2009
"Wang, Jing",United States,2009
"Wang, Jing",United States,2014
"Wang, Jing",United States,2016
"Wang, Jing",United States,2023
"Wang, Jing",New Zealand,2024
"Wang, Jingyun",Japan,2013
"Wang, Jingyun",Netherlands,2024
"Wang, Jiping",Australia,2010
"Wang, Jiping",China,2023
"Wang, Jue",Singapore,2019
"Wang, Jue",United States,2019
"Wang, Jue",Singapore,2020
"Wang, Jue",United States,2023
"Wang, Jue",China,2024
"Wang, Jue",Singapore,2024
"Wang, Jue",South Korea,2024
"Wang, Julia",Japan,2022
"Wang, Julia",Sint Maarten,2022
"Wang, Jun",United States,2015
"Wang, Jun",Australia,2020
"Wang, Jun",United States,2023
"Wang, Jun",China,2024
"Wang, Kai",Belgium,2019
"Wang, Kai",China,2023
"Wang, Kai",Spain,2023
"Wang, Ke",United States,2018
"Wang, Ke",United States,2020
"Wang, Ke",United States,2023
"Wang, Ke",China,2024
"Wang, Ke",United States,2024
"Wang, Kevin",United Kingdom,2018
"Wang, Kevin",United States,2018
"Wang, Kevin",United States,2020
"Wang, Li",United States,2018
"Wang, Li",China,2020
"Wang, Li",United States,2020
"Wang, Li",China,2023
"Wang, Li",China,2024
"Wang, Li",United States,2024
"Wang, Lijuan",United States,2016
"Wang, Lijuan",Finland,2024
"Wang, Lina",China,2019
"Wang, Lina",Japan,2024
"Wang, Ling",United States,2010
"Wang, Ling",Singapore,2013
"Wang, Ling",United States,2022
"Wang, Linlin",United States,2020
"Wang, Linlin",China,2022
"Wang, Linlin",Germany,2022
"Wang, Liuping",Australia,2024
"Wang, Liuping",Spain,2024
"Wang, Lizhou",United States,2020
"Wang, Lizhou",United States,2021
"Wang, Lizhou",Japan,2024
"Wang, Lu",United States,2016
"Wang, Lu",China,2020
"Wang, Lu",China,2022
"Wang, Lu",Japan,2024
"Wang, M",Canada,1999
"Wang, M",United States,2004
"Wang, M",United States,2005
"Wang, M.",Ireland,2006
"Wang, M.",United States,2006
"Wang, Min",United States,2011
"Wang, Min",United States,2015
"Wang, Min",United States,2019
"Wang, Min",United States,2020
"Wang, Min",China,2022
"Wang, Min",China,2024
"Wang, Min",United States,2024
"Wang, Minjuan",China,2007
"Wang, Minjuan",United States,2007
"Wang, Minjuan",United States,2008
"Wang, Minjuan",United States,2009
"Wang, Minjuan",China,2014
"Wang, Minjuan",United States,2014
"Wang, Minjuan",United States,2020
"Wang, Minjuan",United States,2022
"Wang, Minjuan",United States,2023
"Wang, Minjuan",United States,2024
"Wang, Ping",United States,2018
"Wang, Ping",China,2024
"Wang, Qi",United States,2006
"Wang, Qi",United States,2015
"Wang, Qi",United States,2020
"Wang, Qi",China,2023
"Wang, Qian",United States,2018
"Wang, Qian",United States,2019
"Wang, Qian",United States,2020
"Wang, Qian",China,2023
"Wang, Qian",China,2024
"Wang, Rui",United States,2020
"Wang, Rui",Australia,2024
"Wang, Shudong",Japan,2008
"Wang, Shudong",United States,2008
"Wang, Shuo",China,2019
"Wang, Shuo",Finland,2024
"Wang, Song",Philippines,2023
"Wang, Song",United States,2023
"Wang, Song",United States,2024
"Wang, Tao",United States,2007
"Wang, Tao",China,2020
"Wang, Tao",New Zealand,2023
"Wang, Ting",Australia,2005
"Wang, Ting",Australia,2007
"Wang, Ting",Australia,2008
"Wang, Ting",Australia,2011
"Wang, Ting",Australia,2016
"Wang, Ting",United States,2019
"Wang, Ting",United States,2024
"Wang, Tingting",United States,2015
"Wang, Tingting",Canada,2023
"Wang, Tingting",United States,2023
"Wang, Tingting",China,2024
"Wang, Wei",United States,2017
"Wang, Wei",China,2021
"Wang, Wei",United States,2021
"Wang, Wei",Canada,2022
"Wang, Wei",China,2022
"Wang, Wei",United States,2023
"Wang, Wei",United States,2024
"Wang, Xiaoyan",Canada,2011
"Wang, Xiaoyan",China,2011
"Wang, Xiaoyan",Canada,2012
"Wang, Xin",United States,2016
"Wang, Xin",United States,2020
"Wang, Xin",China,2022
"Wang, Xinghua",Singapore,2019
"Wang, Xinghua",China,2020
"Wang, Xinghua",China,2021
"Wang, Xinghua",China,2022
"Wang, Xinghua",China,2023
"Wang, Xinghua",China,2024
"Wang, Xinxin",United States,2021
"Wang, Xinxin",China,2022
"Wang, Xinxin",China,2023
"Wang, Xueli",United States,2009
"Wang, Xueli",United States,2012
"Wang, Xueli",United States,2013
"Wang, Xueli",Singapore,2014
"Wang, Xueli",United States,2014
"Wang, Xueli",United States,2015
"Wang, Xueli",United States,2016
"Wang, Xueli",United States,2017
"Wang, Xueli",United States,2018
"Wang, Xueli",United States,2019
"Wang, Xueli",United States,2020
"Wang, Xueli",United States,2021
"Wang, Xueli",United States,2022
"Wang, Xueli",United States,2023
"Wang, Xueli",United States,2024
"Wang, YD",China,1997
"Wang, YD",United States,1997
"Wang, YW",United States,2000
"Wang, YW",South Africa,2002
"Wang, YW",United States,2002
"Wang, Yan",United States,2006
"Wang, Yan",United States,2009
"Wang, Yan",United States,2017
"Wang, Yan",United States,2018
"Wang, Yan",China,2020
"Wang, Yan",United States,2022
"Wang, Yang",United States,2015
"Wang, Yang",China,2019
"Wang, Yang",United States,2019
"Wang, Yang",United States,2020
"Wang, Yang",China,2021
"Wang, Yang",United States,2021
"Wang, Yang",United States,2022
"Wang, Yang",United States,2024
"Wang, Ye",United States,2007
"Wang, Ye",United States,2010
"Wang, Ye",United States,2014
"Wang, Ye",United States,2017
"Wang, Ye",United States,2018
"Wang, Ye",United States,2023
"Wang, Ye",China,2024
"Wang, Yi",United Kingdom,2012
"Wang, Yi",New Zealand,2019
"Wang, Yi",United States,2021
"Wang, Yi",United States,2024
"Wang, Yichuan",United States,2014
"Wang, Yichuan",United Kingdom,2017
"Wang, Yijie",United States,2016
"Wang, Yijie",United Kingdom,2021
"Wang, Ying",United States,2009
"Wang, Ying",United States,2018
"Wang, Ying",United States,2019
"Wang, Ying",China,2021
"Wang, Ying",United States,2021
"Wang, Ying",United States,2022
"Wang, Ying",United States,2024
"Wang, Ying-Fen",United States,2008
"Wang, Ying-Fen",China,2024
"Wang, Yuan",United Kingdom,2023
"Wang, Yuan",United States,2023
"Wang, Zhe",United States,2017
"Wang, Zhe",United Kingdom,2024
"Wei, Li",United Kingdom,2015
"Wei, Li",Australia,2016
"Wei, Li",United Arab Emirates,2021
"Wei, MF",South Africa,2002
"Wei, MF",United States,2002
"Wei, MF",United States,2004
"Wei, MF",United States,2005
"Wei, Wei",United States,2013
"Wei, Wei",United States,2014
"Wei, Wei",Vietnam,2015
"Wei, Wei",Canada,2016
"Wei, Wei",China,2019
"Wei, Wei",China,2021
"Wei, Wei",United States,2021
"Wei, Wei",China,2023
"Wei, Wei",China,2024
"Wei, Xin",China,2016
"Wei, Xin",United States,2016
"Wei, Xin",United States,2017
"Wei, Xin",United States,2018
"Wei, Xin",United States,2020
"Wei, Xin",United States,2021
"Wei, Xin",United States,2024
"Wen, Wen",China,2019
"Wen, Wen",United States,2021
"Wu, Han",United States,2018
"Wu, Han",United States,2019
"Wu, Han",China,2024
"Wu, Hao",Australia,2023
"Wu, Hao",China,2024
"Wu, Hao",United Kingdom,2024
"Wu, J.",Japan,2007
"Wu, J.",United States,2007
"Wu, Lin",Belgium,2012
"Wu, Lin",China,2021
"Wu, Lin",United States,2022
"Wu, Longkai",Singapore,2017
"Wu, Longkai",Singapore,2018
"Wu, Longkai",Singapore,2019
"Wu, Longkai",China,2023
"Wu, Peng",China,2012
"Wu, Peng",Australia,2013
"Wu, Peng",Australia,2015
"Wu, Peng",Australia,2016
"Wu, Qi",United Kingdom,2014
"Wu, Qi",United Kingdom,2015
"Wu, Qi",United Kingdom,2018
"Wu, Qi",United Kingdom,2019
"Wu, Qi",United States,2020
"Wu, Qi",United Kingdom,2021
"Wu, Qi",China,2024
"Wu, Wei",Singapore,2012
"Wu, Wei",United States,2014
"Wu, Wei",United States,2017
"Wu, Wei",United States,2018
"Wu, Wei",United States,2020
"Wu, Xi Vivien",Singapore,2016
"Wu, Xi Vivien",Sweden,2016
"Wu, Ying",China,2023
"Wu, Ying",Singapore,2023
"Xiao, Feiya",United States,2014
"Xiao, Feiya",China,2019
"Xiao, Haipeng",China,2020
"Xiao, Haipeng",Australia,2024
"Xiao, Kevin",Australia,2020
"Xiao, Kevin",United States,2024
"Xiao, Meng",United States,2022
"Xiao, Meng",Canada,2024
"Xiao, Ting",China,2020
"Xiao, Ting",United States,2020
"Xiao, Ting",Japan,2024
"Xie, Huichao",United States,2017
"Xie, Huichao",Singapore,2024
"Xie, Kui",United States,2007
"Xie, Kui",United States,2008
"Xie, Kui",United States,2009
"Xie, Kui",United States,2010
"Xie, Kui",United States,2012
"Xie, Kui",United States,2013
"Xie, Kui",United States,2014
"Xie, Kui",United States,2017
"Xie, Kui",China,2018
"Xie, Kui",United States,2018
"Xie, Kui",United States,2019
"Xie, Kui",China,2020
"Xie, Kui",United States,2020
"Xie, Kui",United States,2021
"Xie, Kui",United States,2022
"Xie, Kui",United States,2023
"Xie, Kui",United States,2024
"Xie, XL",South Africa,2001
"Xie, XL",United States,2001
"Xiong, Shawn",Canada,2022
"Xiong, Shawn",United States,2022
"Xiong, Weiyan",United States,2016
"Xiong, Weiyan",United States,2018
"Xiong, Weiyan",United States,2019
"Xiong, Weiyan",China,2020
"Xiong, Weiyan",China,2024
"Xu, Dan",Australia,2020
"Xu, Dan",Australia,2024
"Xu, Dan",China,2024
"Xu, Hui",United States,2015
"Xu, Hui",United States,2017
"Xu, Hui",United States,2020
"Xu, Hui",Canada,2024
"Xu, Jian",Australia,2023
"Xu, Jian",China,2024
"Xu, Jing",Australia,2012
"Xu, Jing",United Kingdom,2018
"Xu, Linlin",New Zealand,2018
"Xu, Linlin",China,2019
"Xu, Linlin",New Zealand,2019
"Xu, Luyao",United States,2021
"Xu, Luyao",Canada,2024
"Xu, Ting",United States,2012
"Xu, Ting",Netherlands,2024
"Xu, Xiao",Australia,2024
"Xu, Xiao",United States,2024
"Xu, Xiaowei",United Kingdom,2009
"Xu, Xiaowei",United States,2017
"Xu, Xiaoyan",Netherlands,2014
"Xu, Xiaoyan",Netherlands,2015
"Xu, Xiaoyan",China,2022
"Xu, Xiaoyan",Netherlands,2023
"Xu, Xin",United Kingdom,2019
"Xu, Xin",United Kingdom,2020
"Xu, Xin",United Kingdom,2021
"Xu, Xin",United Kingdom,2022
"Xu, Xin",China,2024
"Xu, Xin",United Kingdom,2024
"Yan, Yu",United States,2020
"Yan, Yu",United States,2021
"Yan, Yu",Japan,2023
"Yan, Zi",United States,2016
"Yan, Zi",United States,2020
"Yan, Zi",China,2024
"Yang, Amy",United States,2018
"Yang, Amy",Australia,2021
"Yang, Christine",Japan,2023
"Yang, Christine",United States,2023
"Yang, Chunyan",Australia,2019
"Yang, Chunyan",United States,2023
"Yang, Chunyan",United States,2024
"Yang, Dong",China,2013
"Yang, Dong",Thailand,2021
"Yang, Dong",Thailand,2023
"Yang, Dong",Thailand,2024
"Yang, Fan",China,2007
"Yang, Fan",United States,2007
"Yang, Fan",Canada,2021
"Yang, Fan",United States,2024
"Yang, Hui",United States,2020
"Yang, Hui",China,2021
"Yang, Hui",United States,2021
"Yang, Hyejin",United States,2014
"Yang, Hyejin",South Korea,2022
"Yang, Jin",United States,2010
"Yang, Jin",China,2021
"Yang, Jin Hyang",South Korea,2010
"Yang, Jin Hyang",United States,2010
"Yang, Lan",Malaysia,2021
"Yang, Lan",China,2024
"Yang, Lan",United States,2024
"Yang, Lili",United Kingdom,2021
"Yang, Lili",United Kingdom,2022
"Yang, Lili",China,2024
"Yang, Linda Hui",United Kingdom,2013
"Yang, Linda Hui",Ireland,2016
"Yang, Linda Hui",Ireland,2021
"Yang, Ling-Yan",United States,2014
"Yang, Ling-Yan",China,2019
"Yang, Liu",Singapore,2021
"Yang, Liu",Singapore,2022
"Yang, Liu",China,2023
"Yang, Qian",United States,2019
"Yang, Qian",Canada,2021
"Yang, Qian",China,2022
"Yang, Qing",China,2020
"Yang, Qing",Malaysia,2024
"Yang, Rui",Australia,2006
"Yang, Rui",Australia,2007
"Yang, Rui",Australia,2008
"Yang, Rui",China,2010
"Yang, Rui",United States,2014
"Yang, Rui",China,2020
"Yang, Rui",United States,2022
"Yang, Tong",United States,2011
"Yang, Tong",United States,2013
"Yang, Tong",United Kingdom,2020
"Yang, Weipeng",Singapore,2020
"Yang, Weipeng",China,2021
"Yang, Weipeng",China,2022
"Yang, Weipeng",China,2023
"Yang, Weipeng",China,2024
"Yang, Xuan",United States,2020
"Yang, Xuan",China,2024
"Yang, Yang",United States,2014
"Yang, Yang",United States,2016
"Yang, Yang",China,2018
"Yang, Yang",Australia,2020
"Yang, Yang",China,2020
"Yang, Yang",United Kingdom,2020
"Yang, Yang",Australia,2022
"Yang, Yang",Germany,2023
"Yang, Yang",Germany,2024
"Yang, Yi",United States,2010
"Yang, Yi",United States,2019
"Yang, Yi",United States,2022
"Yang, Yi",China,2023
"Yang, Yi",China,2024
"Yang, Yi",United States,2024
"Yang, Ying",United States,2020
"Yang, Ying",United Kingdom,2022
"Yang, Yu",China,2021
"Yang, Yu",United Kingdom,2024
"Ye, Li",United States,2015
"Ye, Li",United States,2016
"Ye, Li",United States,2019
"Ye, Li",United States,2020
"Ye, Li",China,2021
"Ye, Li",United States,2021
"Ye, Li",United States,2022
"Ye, Li",United States,2024
"Yi, Soohyun",United States,2014
"Yi, Soohyun",South Korea,2023
"Yi, Soohyun",United States,2024
"Yu, Huan",United States,2013
"Yu, Huan",China,2022
"Yu, Kun",China,2023
"Yu, Kun",Australia,2024
"Yu, Melissa H.",United Kingdom,2018
"Yu, Melissa H.",China,2022
"Yu, Melissa H.",China,2023
"Yu, Ping",Australia,2006
"Yu, Ping",Australia,2021
"Yu, Ping",China,2023
"Yu, Qiong",United States,2018
"Yu, Qiong",United States,2019
"Yu, Qiong",Colombia,2021
"Yu, RS",Japan,2006
"Yu, RS",Poland,2006
"Yu, RS",United States,2006
"Yu, Sunze",Malaysia,2021
"Yu, Sunze",Australia,2023
"Yu, Xiaoli",Turkey,2022
"Yu, Xiaoli",United States,2024
"Yu, Yang",Malaysia,2024
"Yu, Yang",United States,2024
"Yun, Heoncheol",United States,2017
"Yun, Heoncheol",United States,2018
"Yun, Heoncheol",South Korea,2020
"Yun, Heoncheol",United States,2020
"Yun, Heoncheol",South Korea,2024
"Zhang, Chenyang",Australia,2022
"Zhang, Chenyang",China,2022
"Zhang, Dongbo",Singapore,2012
"Zhang, Dongbo",United States,2017
"Zhang, Dongbo",United Kingdom,2022
"Zhang, Dongbo",United Kingdom,2023
"Zhang, Eddie",Japan,2023
"Zhang, Eddie",United States,2023
"Zhang, Fan",Canada,2017
"Zhang, Fan",United States,2018
"Zhang, Fan",United States,2024
"Zhang, Grace",Australia,2023
"Zhang, Grace",Canada,2023
"Zhang, H.",United States,2011
"Zhang, H.",Singapore,2019
"Zhang, H.",Sweden,2019
"Zhang, H.",Singapore,2020
"Zhang, H.",Sweden,2020
"Zhang, Han",United States,2023
"Zhang, Han",Russia,2024
"Zhang, He",United States,2019
"Zhang, He",Russia,2022
"Zhang, Hui",United States,2016
"Zhang, Hui",Germany,2020
"Zhang, Hui",Singapore,2023
"Zhang, Hui",United States,2023
"Zhang, Hui",Singapore,2024
"Zhang, J",United States,1999
"Zhang, J",United Kingdom,2001
"Zhang, J",Singapore,2005
"Zhang, Jessica",Australia,2016
"Zhang, Jessica",Canada,2024
"Zhang, Jia",United States,2010
"Zhang, Jia",China,2021
"Zhang, Jian",United States,2021
"Zhang, Jian",China,2023
"Zhang, Jiaqi",United States,2017
"Zhang, Jiaqi",China,2022
"Zhang, Jie",United States,2009
"Zhang, Jie",United States,2010
"Zhang, Jie",United States,2011
"Zhang, Jie",United States,2013
"Zhang, Jie",United States,2014
"Zhang, Jie",United States,2016
"Zhang, Jie",United States,2017
"Zhang, Jie",United States,2018
"Zhang, Jie",United States,2019
"Zhang, Jie",China,2020
"Zhang, Jie",United States,2020
"Zhang, Jie",China,2021
"Zhang, Jie",United States,2021
"Zhang, Jie",China,2023
"Zhang, Jie",United States,2023
"Zhang, Jie",China,2024
"Zhang, Jie",Singapore,2024
"Zhang, Jie",United States,2024
"Zhang, Jing",United States,2009
"Zhang, Jing",China,2017
"Zhang, Jing",United States,2019
"Zhang, Jing",United States,2020
"Zhang, Jing",United Kingdom,2022
"Zhang, Jing",United States,2022
"Zhang, Jing",United States,2023
"Zhang, Jing",United States,2024
"Zhang, Jun",Singapore,2008
"Zhang, Jun",United States,2023
"Zhang, Kaili C.",Australia,2018
"Zhang, Kaili C.",United States,2018
"Zhang, L.",United States,2016
"Zhang, L.",Australia,2018
"Zhang, Lawrence Jun",Singapore,2010
"Zhang, Lawrence Jun",New Zealand,2011
"Zhang, Lawrence Jun",New Zealand,2013
"Zhang, Lawrence Jun",New Zealand,2014
"Zhang, Lawrence Jun",New Zealand,2016
"Zhang, Lawrence Jun",New Zealand,2018
"Zhang, Lawrence Jun",New Zealand,2019
"Zhang, Lawrence Jun",New Zealand,2020
"Zhang, Lawrence Jun",New Zealand,2021
"Zhang, Lawrence Jun",New Zealand,2022
"Zhang, Lawrence Jun",New Zealand,2023
"Zhang, Lawrence Jun",New Zealand,2024
"Zhang, Lei",United States,2009
"Zhang, Lei",China,2020
"Zhang, Lei",United States,2024
"Zhang, Lin",United States,2013
"Zhang, Lin",United States,2014
"Zhang, Lin",Ireland,2022
"Zhang, Ling",United States,2021
"Zhang, Ling",China,2022
"Zhang, Ling",United States,2022
"Zhang, Ling",China,2023
"Zhang, Ling",United States,2023
"Zhang, Ling",United States,2024
"Zhang, Lulu",China,2018
"Zhang, Lulu",United Kingdom,2024
"Zhang, Michael",United Kingdom,2007
"Zhang, Michael",United States,2015
"Zhang, NH",China,2004
"Zhang, NH",United States,2004
"Zhang, Peng",United States,2012
"Zhang, Peng",South Korea,2024
"Zhang, Peng",Spain,2024
"Zhang, Ping",United States,2012
"Zhang, Ping",China,2016
"Zhang, Ping",China,2017
"Zhang, Qi",Canada,2015
"Zhang, Qi",United States,2020
"Zhang, Qi",United States,2023
"Zhang, Qiantao",Ireland,2017
"Zhang, Qiantao",Canada,2018
"Zhang, Qilong",New Zealand,2015
"Zhang, Qilong",New Zealand,2016
"Zhang, Qilong",United Arab Emirates,2022
"Zhang, Qilong",United Arab Emirates,2024
"Zhang, Qing",United States,2015
"Zhang, Qing",United States,2016
"Zhang, Qing",United States,2017
"Zhang, Qing",China,2020
"Zhang, Qingyi",Japan,2020
"Zhang, Qingyi",United States,2023
"Zhang, Rong",China,2023
"Zhang, Rong",United States,2023
"Zhang, Rong",China,2024
"Zhang, Rong",Thailand,2024
"Zhang, Rui",United States,2013
"Zhang, Rui",Thailand,2024
"Zhang, Tao",United Kingdom,2017
"Zhang, Tao",United States,2021
"Zhang, Tao",United States,2022
"Zhang, Wei",United Kingdom,2011
"Zhang, Wei",United States,2015
"Zhang, Wei",China,2017
"Zhang, Wei",United Kingdom,2019
"Zhang, Wei",China,2020
"Zhang, Wei",China,2024
"Zhang, Xian",China,2015
"Zhang, Xian",United States,2023
"Zhang, Xiao",China,2013
"Zhang, Xiao",Germany,2024
"Zhang, Xiaoxia",United States,2021
"Zhang, Xiaoxia",China,2022
"Zhang, Xiaoxia",United States,2022
"Zhang, Xin",United States,2019
"Zhang, Xin",Netherlands,2020
"Zhang, Xin",United States,2022
"Zhang, Xin",China,2024
"Zhang, Xue",United States,2019
"Zhang, Xue",China,2020
"Zhang, Xue",United States,2020
"Zhang, Yan",China,2020
"Zhang, Yan",United States,2024
"Zhang, Yi",United States,2006
"Zhang, Yi",United States,2018
"Zhang, Yi",United States,2022
"Zhang, Yi",China,2023
"Zhang, Yi",Japan,2024
"Zhang, Yin",China,2017
"Zhang, Yin",United States,2019
"Zhang, Yin",United Kingdom,2021
"Zhang, Yin",United States,2024
"Zhang, Ying",Australia,2014
"Zhang, Ying",Australia,2020
"Zhang, Ying",United States,2020
"Zhang, Ying",United States,2021
"Zhang, Ying",United States,2022
"Zhang, Ying",Australia,2024
"Zhang, Ying",United States,2024
"Zhang, Yingbin",United States,2021
"Zhang, Yingbin",China,2023
"Zhang, Yingbin",United States,2023
"Zhang, Yingbin",China,2024
"Zhang, Yining",United States,2019
"Zhang, Yining",China,2020
"Zhang, Yining",China,2021
"Zhang, Yining",Thailand,2024
"Zhang, Yu",United States,2020
"Zhang, Yu",China,2021
"Zhang, Yuanyuan",Canada,2018
"Zhang, Yuanyuan",United States,2024
"Zhang, Yue",United Kingdom,2009
"Zhang, Yue",United States,2022
"Zhang, Yue",China,2024
"Zhang, Zhanjia",United States,2020
"Zhang, Zhanjia",United States,2021
"Zhang, Zhanjia",China,2022
"Zhang, Zhanjia",United States,2022
"Zhang, Zheng",Canada,2011
"Zhang, Zheng",China,2015
"Zhang, Zheng",Canada,2020
"Zhang, Zheng",Canada,2023
"Zhang, Zheng",Canada,2024
"Zhang, Zhipeng",Australia,2021
"Zhang, Zhipeng",China,2021
"Zhang, Zhipeng",Australia,2024
"Zhao, Dan",Singapore,2020
"Zhao, Dan",Ireland,2021
"Zhao, Dan",Russia,2021
"Zhao, Fang",United States,2018
"Zhao, Fang",Australia,2019
"Zhao, Fang",Germany,2021
"Zhao, Jiayan",United States,2022
"Zhao, Jiayan",Switzerland,2024
"Zhao, Jiayan",United States,2024
"Zhao, Jing",United States,2012
"Zhao, Jing",United States,2017
"Zhao, Jing",United Kingdom,2021
"Zhao, Jing",China,2023
"Zhao, Kai",United States,2011
"Zhao, Kai",United States,2018
"Zhao, Kai",United States,2019
"Zhao, Kai",United States,2021
"Zhao, Kai",China,2022
"Zhao, Kai",United States,2022
"Zhao, Kai",United States,2023
"Zhao, Lin",Australia,2018
"Zhao, Lin",United States,2020
"Zhao, Lin",Australia,2022
"Zhao, Ming",United States,2019
"Zhao, Ming",Australia,2022
"Zhao, Xian",United Kingdom,2022
"Zhao, Xian",New Zealand,2024
"Zhao, Xian",United States,2024
"Zhao, Xu",Canada,2015
"Zhao, Xu",United Kingdom,2021
"Zheng, Hui",United States,2019
"Zheng, Hui",China,2020
"Zheng, Jie",United States,2012
"Zheng, Jie",China,2023
"Zheng, Juan",Canada,2019
"Zheng, Juan",Canada,2020
"Zheng, Juan",Canada,2021
"Zheng, Juan",Canada,2022
"Zheng, Juan",Canada,2023
"Zheng, Juan",United States,2024
"Zhou, Chun",China,2017
"Zhou, Chun",United States,2020
"Zhou, Chun",United States,2021
"Zhou, Fei",China,2022
"Zhou, Fei",Thailand,2023
"Zhou, Guangyu",Germany,2015
"Zhou, Guangyu",United States,2017
"Zhou, Guangyu",China,2024
"Zhou, Mingming",Canada,2012
"Zhou, Mingming",Singapore,2012
"Zhou, Mingming",Singapore,2013
"Zhou, Mingming",China,2017
"Zhou, Mingming",China,2018
"Zhou, Qing",United States,2011
"Zhou, Qing",China,2024
"Zhou, Shu",China,2020
"Zhou, Shu",United States,2020
"Zhou, Xuehan",United States,2021
"Zhou, Xuehan",China,2023
"Zhou, Xuehan",United States,2023
"Zhou, Yan",United States,2015
"Zhou, Yan",Netherlands,2020
"Zhou, Yi",China,2022
"Zhou, Yi",China,2024
"Zhou, Yi",Singapore,2024
"Zhu, Gang",United States,2017
"Zhu, Gang",China,2020
"Zhu, Gang",China,2023
"Zhu, Gaoxia",Canada,2019
"Zhu, Gaoxia",Canada,2021
"Zhu, Gaoxia",United States,2021
"Zhu, Gaoxia",Singapore,2022
"Zhu, Gaoxia",Singapore,2023
"Zhu, Gaoxia",Singapore,2024
"Zhu, Guangtian",United States,2011
"Zhu, Guangtian",United States,2012
"Zhu, Guangtian",China,2020
"Zhu, Guangtian",China,2024
"Zhu, Jiawen",United States,2020
"Zhu, Jiawen",United States,2021
"Zhu, Jiawen",China,2023
"Zhu, Jiawen",China,2024
"Zhu, Lin",United States,2014
"Zhu, Lin",Germany,2020
"Zhu, Lin",Singapore,2021
"Zhu, Qiong",United States,2020
"Zhu, Qiong",United States,2021
"Zhu, Qiong",China,2023
"Zhu, Yan",Singapore,2007
"Zhu, Yan",United States,2011
"Zhu, Yidan",Canada,2019
"Zhu, Yidan",Canada,2020
"Zhu, Yidan",United States,2024
"Zhu, Yu",United Kingdom,2011
"Zhu, Yu",China,2016
"Zhu, Yu",Germany,2021
"Zhu, Yu",Switzerland,2021
"Zhu, Yu",United Kingdom,2021
"Zhu, Yu",China,2022
"Zhu, Yu",China,2024
"Zhu, Yu",United Kingdom,2024
"Zhu, Yue",Australia,2016
"Zhu, Yue",China,2023
"Zong, Xiaoli",China,2016
"Zong, Xiaoli",United States,2024
"Zou, Bin",United Kingdom,2006
"Zou, Bin",China,2016
"Zou, Bin",China,2018
"Zou, Bin",China,2023
"Zou, Bin",China,2024
